"url	page	""page without timeline""	date"
"https://www.ut.ee/et	http://wayback.archive.org/web/20090814234547id_/http://www.ut.ee:80/et	http://wayback.archive.org/web/20090814234547/http://www.ut.ee:80/et	20090814234547"
"https://www.ut.ee/et	http://wayback.archive.org/web/20090831084116id_/http://www.ut.ee:80/et	http://wayback.archive.org/web/20090831084116/http://www.ut.ee:80/et	20090831084116"
"https://www.ut.ee/et	http://wayback.archive.org/web/20100208233156id_/http://www.ut.ee:80/et	http://wayback.archive.org/web/20100208233156/http://www.ut.ee:80/et	20100208233156"
"https://www.ut.ee/et	http://wayback.archive.org/web/20100220094203id_/http://www.ut.ee:80/et	http://wayback.archive.org/web/20100220094203/http://www.ut.ee:80/et	20100220094203"
"https://www.ut.ee/et	http://wayback.archive.org/web/20110511093245id_/http://www.ut.ee/et	http://wayback.archive.org/web/20110511093245/http://www.ut.ee/et	20110511093245"
"https://www.ut.ee/et	http://wayback.archive.org/web/20110514174054id_/http://www.ut.ee/et	http://wayback.archive.org/web/20110514174054/http://www.ut.ee/et	20110514174054"
"https://www.ut.ee/et	http://wayback.archive.org/web/20110609135300id_/http://www.ut.ee/et	http://wayback.archive.org/web/20110609135300/http://www.ut.ee/et	20110609135300"
"https://www.ut.ee/et	http://wayback.archive.org/web/20110721215932id_/http://www.ut.ee/et	http://wayback.archive.org/web/20110721215932/http://www.ut.ee/et	20110721215932"
"https://www.ut.ee/et	http://wayback.archive.org/web/20110828065359id_/http://www.ut.ee:80/et	http://wayback.archive.org/web/20110828065359/http://www.ut.ee:80/et	20110828065359"
"https://www.ut.ee/et	http://wayback.archive.org/web/20110902050030id_/http://www.ut.ee:80/et	http://wayback.archive.org/web/20110902050030/http://www.ut.ee:80/et	20110902050030"
"https://www.ut.ee/et	http://wayback.archive.org/web/20111001175734id_/http://www.ut.ee:80/et	http://wayback.archive.org/web/20111001175734/http://www.ut.ee:80/et	20111001175734"
"https://www.ut.ee/et	http://wayback.archive.org/web/20111101054138id_/http://www.ut.ee:80/et	http://wayback.archive.org/web/20111101054138/http://www.ut.ee:80/et	20111101054138"
"https://www.ut.ee/et	http://wayback.archive.org/web/20111107174232id_/http://www.ut.ee/et	http://wayback.archive.org/web/20111107174232/http://www.ut.ee/et	20111107174232"
"https://www.ut.ee/et	http://wayback.archive.org/web/20111201150248id_/http://www.ut.ee:80/et	http://wayback.archive.org/web/20111201150248/http://www.ut.ee:80/et	20111201150248"
"https://www.ut.ee/et	http://wayback.archive.org/web/20111231232434id_/http://www.ut.ee:80/et	http://wayback.archive.org/web/20111231232434/http://www.ut.ee:80/et	20111231232434"
"https://www.ut.ee/et	http://wayback.archive.org/web/20120127213826id_/http://www.ut.ee/et	http://wayback.archive.org/web/20120127213826/http://www.ut.ee/et	20120127213826"
"https://www.ut.ee/et	http://wayback.archive.org/web/20120301152851id_/http://www.ut.ee:80/et	http://wayback.archive.org/web/20120301152851/http://www.ut.ee:80/et	20120301152851"
"https://www.ut.ee/et	http://wayback.archive.org/web/20120315191029id_/http://www.ut.ee:80/et	http://wayback.archive.org/web/20120315191029/http://www.ut.ee:80/et	20120315191029"
"https://www.ut.ee/et	http://wayback.archive.org/web/20120326115019id_/http://www.ut.ee:80/et	http://wayback.archive.org/web/20120326115019/http://www.ut.ee:80/et	20120326115019"
"https://www.ut.ee/et	http://wayback.archive.org/web/20120406110517id_/http://www.ut.ee:80/et	http://wayback.archive.org/web/20120406110517/http://www.ut.ee:80/et	20120406110517"
"https://www.ut.ee/et	http://wayback.archive.org/web/20120415092356id_/http://www.ut.ee:80/et	http://wayback.archive.org/web/20120415092356/http://www.ut.ee:80/et	20120415092356"
"https://www.ut.ee/et	http://wayback.archive.org/web/20120419074536id_/http://www.ut.ee:80/et	http://wayback.archive.org/web/20120419074536/http://www.ut.ee:80/et	20120419074536"
"https://www.ut.ee/et	http://wayback.archive.org/web/20120430101301id_/http://www.ut.ee:80/et	http://wayback.archive.org/web/20120430101301/http://www.ut.ee:80/et	20120430101301"
"https://www.ut.ee/et	http://wayback.archive.org/web/20120504114324id_/http://www.ut.ee/et	http://wayback.archive.org/web/20120504114324/http://www.ut.ee/et	20120504114324"
"https://www.ut.ee/et	http://wayback.archive.org/web/20120510104040id_/http://www.ut.ee:80/et	http://wayback.archive.org/web/20120510104040/http://www.ut.ee:80/et	20120510104040"
"https://www.ut.ee/et	http://wayback.archive.org/web/20120520112811id_/http://www.ut.ee:80/et	http://wayback.archive.org/web/20120520112811/http://www.ut.ee:80/et	20120520112811"
"https://www.ut.ee/et	http://wayback.archive.org/web/20120522064738id_/http://www.ut.ee:80/et	http://wayback.archive.org/web/20120522064738/http://www.ut.ee:80/et	20120522064738"
"https://www.ut.ee/et	http://wayback.archive.org/web/20120529002825id_/http://www.ut.ee:80/et	http://wayback.archive.org/web/20120529002825/http://www.ut.ee:80/et	20120529002825"
"https://www.ut.ee/et	http://wayback.archive.org/web/20120531040708id_/http://www.ut.ee:80/et	http://wayback.archive.org/web/20120531040708/http://www.ut.ee:80/et	20120531040708"
"https://www.ut.ee/et	http://wayback.archive.org/web/20120611030727id_/http://www.ut.ee:80/et	http://wayback.archive.org/web/20120611030727/http://www.ut.ee:80/et	20120611030727"
"https://www.ut.ee/et	http://wayback.archive.org/web/20120619154258id_/http://www.ut.ee:80/et	http://wayback.archive.org/web/20120619154258/http://www.ut.ee:80/et	20120619154258"
"https://www.ut.ee/et	http://wayback.archive.org/web/20120629000322id_/http://www.ut.ee:80/et	http://wayback.archive.org/web/20120629000322/http://www.ut.ee:80/et	20120629000322"
"https://www.ut.ee/et	http://wayback.archive.org/web/20120701063302id_/http://www.ut.ee:80/et	http://wayback.archive.org/web/20120701063302/http://www.ut.ee:80/et	20120701063302"
"https://www.ut.ee/et	http://wayback.archive.org/web/20120708171816id_/http://www.ut.ee:80/et	http://wayback.archive.org/web/20120708171816/http://www.ut.ee:80/et	20120708171816"
"https://www.ut.ee/et	http://wayback.archive.org/web/20120709202956id_/http://www.ut.ee:80/et	http://wayback.archive.org/web/20120709202956/http://www.ut.ee:80/et	20120709202956"
"https://www.ut.ee/et	http://wayback.archive.org/web/20120716221319id_/http://www.ut.ee/et	http://wayback.archive.org/web/20120716221319/http://www.ut.ee/et	20120716221319"
"https://www.ut.ee/et	http://wayback.archive.org/web/20120716221428id_/http://www.ut.ee/et	http://wayback.archive.org/web/20120716221428/http://www.ut.ee/et	20120716221428"
"https://www.ut.ee/et	http://wayback.archive.org/web/20120720011850id_/http://www.ut.ee:80/et?	http://wayback.archive.org/web/20120720011850/http://www.ut.ee:80/et?	20120720011850"
"https://www.ut.ee/et	http://wayback.archive.org/web/20120722002203id_/http://www.ut.ee:80/et	http://wayback.archive.org/web/20120722002203/http://www.ut.ee:80/et	20120722002203"
"https://www.ut.ee/et	http://wayback.archive.org/web/20120731025340id_/http://www.ut.ee:80/et	http://wayback.archive.org/web/20120731025340/http://www.ut.ee:80/et	20120731025340"
"https://www.ut.ee/et	http://wayback.archive.org/web/20120814232049id_/http://www.ut.ee:80/et	http://wayback.archive.org/web/20120814232049/http://www.ut.ee:80/et	20120814232049"
"https://www.ut.ee/et	http://wayback.archive.org/web/20120819162938id_/http://www.ut.ee:80/et?	http://wayback.archive.org/web/20120819162938/http://www.ut.ee:80/et?	20120819162938"
"https://www.ut.ee/et	http://wayback.archive.org/web/20120824223227id_/http://www.ut.ee:80/et	http://wayback.archive.org/web/20120824223227/http://www.ut.ee:80/et	20120824223227"
"https://www.ut.ee/et	http://wayback.archive.org/web/20120831041649id_/http://www.ut.ee:80/et	http://wayback.archive.org/web/20120831041649/http://www.ut.ee:80/et	20120831041649"
"https://www.ut.ee/et	http://wayback.archive.org/web/20120905145927id_/http://www.ut.ee:80/et	http://wayback.archive.org/web/20120905145927/http://www.ut.ee:80/et	20120905145927"
"https://www.ut.ee/et	http://wayback.archive.org/web/20120910160057id_/http://www.ut.ee:80/et	http://wayback.archive.org/web/20120910160057/http://www.ut.ee:80/et	20120910160057"
"https://www.ut.ee/et	http://wayback.archive.org/web/20120915084649id_/http://www.ut.ee:80/et	http://wayback.archive.org/web/20120915084649/http://www.ut.ee:80/et	20120915084649"
"https://www.ut.ee/et	http://wayback.archive.org/web/20120920075600id_/http://www.ut.ee:80/et	http://wayback.archive.org/web/20120920075600/http://www.ut.ee:80/et	20120920075600"
"https://www.ut.ee/et	http://wayback.archive.org/web/20120925084432id_/http://www.ut.ee:80/et	http://wayback.archive.org/web/20120925084432/http://www.ut.ee:80/et	20120925084432"
"https://www.ut.ee/et	http://wayback.archive.org/web/20121001065521id_/http://www.ut.ee:80/et	http://wayback.archive.org/web/20121001065521/http://www.ut.ee:80/et	20121001065521"
"https://www.ut.ee/et	http://wayback.archive.org/web/20121011092447id_/http://www.ut.ee/et	http://wayback.archive.org/web/20121011092447/http://www.ut.ee/et	20121011092447"
"https://www.ut.ee/et	http://wayback.archive.org/web/20121014132410id_/http://www.ut.ee:80/et	http://wayback.archive.org/web/20121014132410/http://www.ut.ee:80/et	20121014132410"
"https://www.ut.ee/et	http://wayback.archive.org/web/20121015081632id_/http://www.ut.ee/et	http://wayback.archive.org/web/20121015081632/http://www.ut.ee/et	20121015081632"
"https://www.ut.ee/et	http://wayback.archive.org/web/20121020074423id_/http://www.ut.ee:80/et	http://wayback.archive.org/web/20121020074423/http://www.ut.ee:80/et	20121020074423"
"https://www.ut.ee/et	http://wayback.archive.org/web/20121026082116id_/http://www.ut.ee:80/et	http://wayback.archive.org/web/20121026082116/http://www.ut.ee:80/et	20121026082116"
"https://www.ut.ee/et	http://wayback.archive.org/web/20121102100102id_/http://www.ut.ee:80/et	http://wayback.archive.org/web/20121102100102/http://www.ut.ee:80/et	20121102100102"
"https://www.ut.ee/et	http://wayback.archive.org/web/20121111023322id_/http://www.ut.ee:80/et	http://wayback.archive.org/web/20121111023322/http://www.ut.ee:80/et	20121111023322"
"https://www.ut.ee/et	http://wayback.archive.org/web/20121118132530id_/http://www.ut.ee:80/et	http://wayback.archive.org/web/20121118132530/http://www.ut.ee:80/et	20121118132530"
"https://www.ut.ee/et	http://wayback.archive.org/web/20121120071126id_/http://www.ut.ee:80/et	http://wayback.archive.org/web/20121120071126/http://www.ut.ee:80/et	20121120071126"
"https://www.ut.ee/et	http://wayback.archive.org/web/20121126033146id_/http://www.ut.ee:80/et	http://wayback.archive.org/web/20121126033146/http://www.ut.ee:80/et	20121126033146"
"https://www.ut.ee/et	http://wayback.archive.org/web/20121205051822id_/http://www.ut.ee:80/et	http://wayback.archive.org/web/20121205051822/http://www.ut.ee:80/et	20121205051822"
"https://www.ut.ee/et	http://wayback.archive.org/web/20121215092657id_/http://www.ut.ee:80/et	http://wayback.archive.org/web/20121215092657/http://www.ut.ee:80/et	20121215092657"
"https://www.ut.ee/et	http://wayback.archive.org/web/20121221225904id_/http://www.ut.ee:80/et	http://wayback.archive.org/web/20121221225904/http://www.ut.ee:80/et	20121221225904"
"https://www.ut.ee/et	http://wayback.archive.org/web/20121228121042id_/http://www.ut.ee:80/et	http://wayback.archive.org/web/20121228121042/http://www.ut.ee:80/et	20121228121042"
"https://www.ut.ee/et	http://wayback.archive.org/web/20130104183838id_/http://www.ut.ee:80/et	http://wayback.archive.org/web/20130104183838/http://www.ut.ee:80/et	20130104183838"
"https://www.ut.ee/et	http://wayback.archive.org/web/20130112041250id_/http://www.ut.ee:80/et	http://wayback.archive.org/web/20130112041250/http://www.ut.ee:80/et	20130112041250"
"https://www.ut.ee/et	http://wayback.archive.org/web/20130118052633id_/http://www.ut.ee:80/et	http://wayback.archive.org/web/20130118052633/http://www.ut.ee:80/et	20130118052633"
"https://www.ut.ee/et	http://wayback.archive.org/web/20130125122508id_/http://www.ut.ee:80/et	http://wayback.archive.org/web/20130125122508/http://www.ut.ee:80/et	20130125122508"
"https://www.ut.ee/et	http://wayback.archive.org/web/20130128192649id_/http://www.ut.ee:80/et	http://wayback.archive.org/web/20130128192649/http://www.ut.ee:80/et	20130128192649"
"https://www.ut.ee/et	http://wayback.archive.org/web/20130201135909id_/http://www.ut.ee:80/et	http://wayback.archive.org/web/20130201135909/http://www.ut.ee:80/et	20130201135909"
"https://www.ut.ee/et	http://wayback.archive.org/web/20130208045405id_/http://www.ut.ee:80/et	http://wayback.archive.org/web/20130208045405/http://www.ut.ee:80/et	20130208045405"
"https://www.ut.ee/et	http://wayback.archive.org/web/20130209023213id_/http://www.ut.ee:80/et	http://wayback.archive.org/web/20130209023213/http://www.ut.ee:80/et	20130209023213"
"https://www.ut.ee/et	http://wayback.archive.org/web/20130211114449id_/http://www.ut.ee:80/et	http://wayback.archive.org/web/20130211114449/http://www.ut.ee:80/et	20130211114449"
"https://www.ut.ee/et	http://wayback.archive.org/web/20130216210600id_/http://www.ut.ee/et	http://wayback.archive.org/web/20130216210600/http://www.ut.ee/et	20130216210600"
"https://www.ut.ee/et	http://wayback.archive.org/web/20130218164121id_/http://www.ut.ee:80/et	http://wayback.archive.org/web/20130218164121/http://www.ut.ee:80/et	20130218164121"
"https://www.ut.ee/et	http://wayback.archive.org/web/20130304164109id_/http://www.ut.ee:80/et	http://wayback.archive.org/web/20130304164109/http://www.ut.ee:80/et	20130304164109"
"https://www.ut.ee/et	http://wayback.archive.org/web/20130313172907id_/http://www.ut.ee:80/et	http://wayback.archive.org/web/20130313172907/http://www.ut.ee:80/et	20130313172907"
"https://www.ut.ee/et	http://wayback.archive.org/web/20130316035253id_/http://www.ut.ee/et	http://wayback.archive.org/web/20130316035253/http://www.ut.ee/et	20130316035253"
"https://www.ut.ee/et	http://wayback.archive.org/web/20130321084655id_/http://www.ut.ee:80/et	http://wayback.archive.org/web/20130321084655/http://www.ut.ee:80/et	20130321084655"
"https://www.ut.ee/et	http://wayback.archive.org/web/20130322232753id_/http://www.ut.ee/et	http://wayback.archive.org/web/20130322232753/http://www.ut.ee/et	20130322232753"
"https://www.ut.ee/et	http://wayback.archive.org/web/20130323203259id_/http://www.ut.ee:80/et	http://wayback.archive.org/web/20130323203259/http://www.ut.ee:80/et	20130323203259"
"https://www.ut.ee/et	http://wayback.archive.org/web/20130327175238id_/http://www.ut.ee:80/et	http://wayback.archive.org/web/20130327175238/http://www.ut.ee:80/et	20130327175238"
"https://www.ut.ee/et	http://wayback.archive.org/web/20130330002930id_/http://www.ut.ee/et	http://wayback.archive.org/web/20130330002930/http://www.ut.ee/et	20130330002930"
"https://www.ut.ee/et	http://wayback.archive.org/web/20130331084444id_/http://www.ut.ee:80/et	http://wayback.archive.org/web/20130331084444/http://www.ut.ee:80/et	20130331084444"
"https://www.ut.ee/et	http://wayback.archive.org/web/20130405042829id_/http://www.ut.ee:80/et	http://wayback.archive.org/web/20130405042829/http://www.ut.ee:80/et	20130405042829"
"https://www.ut.ee/et	http://wayback.archive.org/web/20130406040138id_/http://www.ut.ee/et	http://wayback.archive.org/web/20130406040138/http://www.ut.ee/et	20130406040138"
"https://www.ut.ee/et	http://wayback.archive.org/web/20130411003918id_/http://www.ut.ee/et	http://wayback.archive.org/web/20130411003918/http://www.ut.ee/et	20130411003918"
"https://www.ut.ee/et	http://wayback.archive.org/web/20130411084634id_/http://www.ut.ee:80/et	http://wayback.archive.org/web/20130411084634/http://www.ut.ee:80/et	20130411084634"
"https://www.ut.ee/et	http://wayback.archive.org/web/20130425104539id_/http://www.ut.ee/et	http://wayback.archive.org/web/20130425104539/http://www.ut.ee/et	20130425104539"
"https://www.ut.ee/et	http://wayback.archive.org/web/20130502152747id_/http://www.ut.ee:80/et	http://wayback.archive.org/web/20130502152747/http://www.ut.ee:80/et	20130502152747"
"https://www.ut.ee/et	http://wayback.archive.org/web/20130504083029id_/http://www.ut.ee:80/et	http://wayback.archive.org/web/20130504083029/http://www.ut.ee:80/et	20130504083029"
"https://www.ut.ee/et	http://wayback.archive.org/web/20130512010500id_/http://www.ut.ee:80/et	http://wayback.archive.org/web/20130512010500/http://www.ut.ee:80/et	20130512010500"
"https://www.ut.ee/et	http://wayback.archive.org/web/20130520152722id_/http://www.ut.ee:80/et	http://wayback.archive.org/web/20130520152722/http://www.ut.ee:80/et	20130520152722"
"https://www.ut.ee/et	http://wayback.archive.org/web/20130530040841id_/http://www.ut.ee:80/et	http://wayback.archive.org/web/20130530040841/http://www.ut.ee:80/et	20130530040841"
"https://www.ut.ee/et	http://wayback.archive.org/web/20130531205150id_/http://www.ut.ee:80/et	http://wayback.archive.org/web/20130531205150/http://www.ut.ee:80/et	20130531205150"
"https://www.ut.ee/et	http://wayback.archive.org/web/20130601212404id_/http://www.ut.ee:80/et	http://wayback.archive.org/web/20130601212404/http://www.ut.ee:80/et	20130601212404"
"https://www.ut.ee/et	http://wayback.archive.org/web/20130604081606id_/http://www.ut.ee:80/et	http://wayback.archive.org/web/20130604081606/http://www.ut.ee:80/et	20130604081606"
"https://www.ut.ee/et	http://wayback.archive.org/web/20130607135042id_/http://www.ut.ee/et	http://wayback.archive.org/web/20130607135042/http://www.ut.ee/et	20130607135042"
"https://www.ut.ee/et	http://wayback.archive.org/web/20130703052840id_/http://www.ut.ee/et	http://wayback.archive.org/web/20130703052840/http://www.ut.ee/et	20130703052840"
"https://www.ut.ee/et	http://wayback.archive.org/web/20130703092621id_/http://www.ut.ee:80/et	http://wayback.archive.org/web/20130703092621/http://www.ut.ee:80/et	20130703092621"
"https://www.ut.ee/et	http://wayback.archive.org/web/20130713043940id_/http://www.ut.ee:80/et	http://wayback.archive.org/web/20130713043940/http://www.ut.ee:80/et	20130713043940"
"https://www.ut.ee/et	http://wayback.archive.org/web/20130723012738id_/http://www.ut.ee:80/et	http://wayback.archive.org/web/20130723012738/http://www.ut.ee:80/et	20130723012738"
"https://www.ut.ee/et	http://wayback.archive.org/web/20130805043331id_/http://www.ut.ee:80/et	http://wayback.archive.org/web/20130805043331/http://www.ut.ee:80/et	20130805043331"
"https://www.ut.ee/et	http://wayback.archive.org/web/20130820225113id_/http://www.ut.ee:80/et	http://wayback.archive.org/web/20130820225113/http://www.ut.ee:80/et	20130820225113"
"https://www.ut.ee/et	http://wayback.archive.org/web/20130825054720id_/http://www.ut.ee:80/et	http://wayback.archive.org/web/20130825054720/http://www.ut.ee:80/et	20130825054720"
"https://www.ut.ee/et	http://wayback.archive.org/web/20130901153210id_/http://www.ut.ee:80/et	http://wayback.archive.org/web/20130901153210/http://www.ut.ee:80/et	20130901153210"
"https://www.ut.ee/et	http://wayback.archive.org/web/20130914184922id_/http://www.ut.ee:80/et	http://wayback.archive.org/web/20130914184922/http://www.ut.ee:80/et	20130914184922"
"https://www.ut.ee/et	http://wayback.archive.org/web/20130922085240id_/http://www.ut.ee/et	http://wayback.archive.org/web/20130922085240/http://www.ut.ee/et	20130922085240"
"https://www.ut.ee/et	http://wayback.archive.org/web/20130929054827id_/http://www.ut.ee:80/et	http://wayback.archive.org/web/20130929054827/http://www.ut.ee:80/et	20130929054827"
"https://www.ut.ee/et	http://wayback.archive.org/web/20131003010140id_/http://www.ut.ee/et	http://wayback.archive.org/web/20131003010140/http://www.ut.ee/et	20131003010140"
"https://www.ut.ee/et	http://wayback.archive.org/web/20131004013823id_/http://www.ut.ee:80/et	http://wayback.archive.org/web/20131004013823/http://www.ut.ee:80/et	20131004013823"
"https://www.ut.ee/et	http://wayback.archive.org/web/20131014160915id_/http://www.ut.ee/et	http://wayback.archive.org/web/20131014160915/http://www.ut.ee/et	20131014160915"
"https://www.ut.ee/et	http://wayback.archive.org/web/20131023030500id_/http://www.ut.ee/et	http://wayback.archive.org/web/20131023030500/http://www.ut.ee/et	20131023030500"
"https://www.ut.ee/et	http://wayback.archive.org/web/20131023100723id_/http://www.ut.ee:80/et	http://wayback.archive.org/web/20131023100723/http://www.ut.ee:80/et	20131023100723"
"https://www.ut.ee/et	http://wayback.archive.org/web/20131031015437id_/http://www.ut.ee:80/et	http://wayback.archive.org/web/20131031015437/http://www.ut.ee:80/et	20131031015437"
"https://www.ut.ee/et	http://wayback.archive.org/web/20131031025503id_/https://www.ut.ee/et	http://wayback.archive.org/web/20131031025503/https://www.ut.ee/et	20131031025503"
"https://www.ut.ee/et	http://wayback.archive.org/web/20131105110344id_/http://www.ut.ee:80/et	http://wayback.archive.org/web/20131105110344/http://www.ut.ee:80/et	20131105110344"
"https://www.ut.ee/et	http://wayback.archive.org/web/20131122060547id_/http://www.ut.ee:80/et	http://wayback.archive.org/web/20131122060547/http://www.ut.ee:80/et	20131122060547"
"https://www.ut.ee/et	http://wayback.archive.org/web/20131208115507id_/http://www.ut.ee:80/et	http://wayback.archive.org/web/20131208115507/http://www.ut.ee:80/et	20131208115507"
"https://www.ut.ee/et	http://wayback.archive.org/web/20131208121158id_/http://www.ut.ee/et	http://wayback.archive.org/web/20131208121158/http://www.ut.ee/et	20131208121158"
"https://www.ut.ee/et	http://wayback.archive.org/web/20131209024648id_/http://www.ut.ee/et	http://wayback.archive.org/web/20131209024648/http://www.ut.ee/et	20131209024648"
"https://www.ut.ee/et	http://wayback.archive.org/web/20131209153949id_/http://www.ut.ee/et	http://wayback.archive.org/web/20131209153949/http://www.ut.ee/et	20131209153949"
"https://www.ut.ee/et	http://wayback.archive.org/web/20131210190803id_/http://www.ut.ee/et	http://wayback.archive.org/web/20131210190803/http://www.ut.ee/et	20131210190803"
"https://www.ut.ee/et	http://wayback.archive.org/web/20131211165522id_/http://www.ut.ee/et	http://wayback.archive.org/web/20131211165522/http://www.ut.ee/et	20131211165522"
"https://www.ut.ee/et	http://wayback.archive.org/web/20131213114220id_/http://www.ut.ee/et	http://wayback.archive.org/web/20131213114220/http://www.ut.ee/et	20131213114220"
"https://www.ut.ee/et	http://wayback.archive.org/web/20131214125155id_/http://www.ut.ee/et	http://wayback.archive.org/web/20131214125155/http://www.ut.ee/et	20131214125155"
"https://www.ut.ee/et	http://wayback.archive.org/web/20131215151742id_/http://www.ut.ee/et	http://wayback.archive.org/web/20131215151742/http://www.ut.ee/et	20131215151742"
"https://www.ut.ee/et	http://wayback.archive.org/web/20131216182708id_/http://www.ut.ee/et	http://wayback.archive.org/web/20131216182708/http://www.ut.ee/et	20131216182708"
"https://www.ut.ee/et	http://wayback.archive.org/web/20131217203407id_/http://www.ut.ee/et	http://wayback.archive.org/web/20131217203407/http://www.ut.ee/et	20131217203407"
"https://www.ut.ee/et	http://wayback.archive.org/web/20131218205012id_/http://www.ut.ee/et	http://wayback.archive.org/web/20131218205012/http://www.ut.ee/et	20131218205012"
"https://www.ut.ee/et	http://wayback.archive.org/web/20131222012527id_/http://www.ut.ee/et	http://wayback.archive.org/web/20131222012527/http://www.ut.ee/et	20131222012527"
"https://www.ut.ee/et	http://wayback.archive.org/web/20131224214706id_/http://www.ut.ee:80/et	http://wayback.archive.org/web/20131224214706/http://www.ut.ee:80/et	20131224214706"
"https://www.ut.ee/et	http://wayback.archive.org/web/20140102013455id_/http://www.ut.ee/et	http://wayback.archive.org/web/20140102013455/http://www.ut.ee/et	20140102013455"
"https://www.ut.ee/et	http://wayback.archive.org/web/20140105195739id_/http://www.ut.ee/et	http://wayback.archive.org/web/20140105195739/http://www.ut.ee/et	20140105195739"
"https://www.ut.ee/et	http://wayback.archive.org/web/20140107164926id_/http://www.ut.ee/et	http://wayback.archive.org/web/20140107164926/http://www.ut.ee/et	20140107164926"
"https://www.ut.ee/et	http://wayback.archive.org/web/20140113113227id_/http://www.ut.ee:80/et	http://wayback.archive.org/web/20140113113227/http://www.ut.ee:80/et	20140113113227"
"https://www.ut.ee/et	http://wayback.archive.org/web/20140121180643id_/http://www.ut.ee/et	http://wayback.archive.org/web/20140121180643/http://www.ut.ee/et	20140121180643"
"https://www.ut.ee/et	http://wayback.archive.org/web/20140201223438id_/http://www.ut.ee/et	http://wayback.archive.org/web/20140201223438/http://www.ut.ee/et	20140201223438"
"https://www.ut.ee/et	http://wayback.archive.org/web/20140202225739id_/http://www.ut.ee/et	http://wayback.archive.org/web/20140202225739/http://www.ut.ee/et	20140202225739"
"https://www.ut.ee/et	http://wayback.archive.org/web/20140203101725id_/http://www.ut.ee:80/et	http://wayback.archive.org/web/20140203101725/http://www.ut.ee:80/et	20140203101725"
"https://www.ut.ee/et	http://wayback.archive.org/web/20140207052030id_/http://www.ut.ee/et	http://wayback.archive.org/web/20140207052030/http://www.ut.ee/et	20140207052030"
"https://www.ut.ee/et	http://wayback.archive.org/web/20140208200735id_/http://www.ut.ee/et	http://wayback.archive.org/web/20140208200735/http://www.ut.ee/et	20140208200735"
"https://www.ut.ee/et	http://wayback.archive.org/web/20140211062315id_/http://www.ut.ee/et	http://wayback.archive.org/web/20140211062315/http://www.ut.ee/et	20140211062315"
"https://www.ut.ee/et	http://wayback.archive.org/web/20140214144729id_/http://www.ut.ee:80/et	http://wayback.archive.org/web/20140214144729/http://www.ut.ee:80/et	20140214144729"
"https://www.ut.ee/et	http://wayback.archive.org/web/20140218203814id_/http://www.ut.ee/et	http://wayback.archive.org/web/20140218203814/http://www.ut.ee/et	20140218203814"
"https://www.ut.ee/et	http://wayback.archive.org/web/20140219211429id_/http://www.ut.ee/et	http://wayback.archive.org/web/20140219211429/http://www.ut.ee/et	20140219211429"
"https://www.ut.ee/et	http://wayback.archive.org/web/20140220232112id_/http://www.ut.ee/et	http://wayback.archive.org/web/20140220232112/http://www.ut.ee/et	20140220232112"
"https://www.ut.ee/et	http://wayback.archive.org/web/20140221235458id_/http://www.ut.ee/et	http://wayback.archive.org/web/20140221235458/http://www.ut.ee/et	20140221235458"
"https://www.ut.ee/et	http://wayback.archive.org/web/20140228000710id_/http://www.ut.ee/et	http://wayback.archive.org/web/20140228000710/http://www.ut.ee/et	20140228000710"
"https://www.ut.ee/et	http://wayback.archive.org/web/20140301010514id_/http://www.ut.ee/et	http://wayback.archive.org/web/20140301010514/http://www.ut.ee/et	20140301010514"
"https://www.ut.ee/et	http://wayback.archive.org/web/20140318115720id_/http://www.ut.ee/et	http://wayback.archive.org/web/20140318115720/http://www.ut.ee/et	20140318115720"
"https://www.ut.ee/et	http://wayback.archive.org/web/20140402000901id_/http://www.ut.ee/et	http://wayback.archive.org/web/20140402000901/http://www.ut.ee/et	20140402000901"
"https://www.ut.ee/et	http://wayback.archive.org/web/20140405175515id_/http://www.ut.ee/et	http://wayback.archive.org/web/20140405175515/http://www.ut.ee/et	20140405175515"
"https://www.ut.ee/et	http://wayback.archive.org/web/20140406193132id_/http://www.ut.ee/et	http://wayback.archive.org/web/20140406193132/http://www.ut.ee/et	20140406193132"
"https://www.ut.ee/et	http://wayback.archive.org/web/20140407192435id_/http://www.ut.ee/et	http://wayback.archive.org/web/20140407192435/http://www.ut.ee/et	20140407192435"
"https://www.ut.ee/et	http://wayback.archive.org/web/20140408201049id_/http://www.ut.ee/et	http://wayback.archive.org/web/20140408201049/http://www.ut.ee/et	20140408201049"
"https://www.ut.ee/et	http://wayback.archive.org/web/20140409224910id_/http://www.ut.ee/et	http://wayback.archive.org/web/20140409224910/http://www.ut.ee/et	20140409224910"
"https://www.ut.ee/et	http://wayback.archive.org/web/20140508053926id_/http://www.ut.ee/et	http://wayback.archive.org/web/20140508053926/http://www.ut.ee/et	20140508053926"
"https://www.ut.ee/et	http://wayback.archive.org/web/20140509064209id_/http://www.ut.ee/et	http://wayback.archive.org/web/20140509064209/http://www.ut.ee/et	20140509064209"
"https://www.ut.ee/et	http://wayback.archive.org/web/20140522213349id_/http://www.ut.ee/et	http://wayback.archive.org/web/20140522213349/http://www.ut.ee/et	20140522213349"
"https://www.ut.ee/et	http://wayback.archive.org/web/20140701235306id_/http://www.ut.ee/et	http://wayback.archive.org/web/20140701235306/http://www.ut.ee/et	20140701235306"
"https://www.ut.ee/et	http://wayback.archive.org/web/20140729150649id_/http://www.ut.ee:80/et	http://wayback.archive.org/web/20140729150649/http://www.ut.ee:80/et	20140729150649"
"https://www.ut.ee/et	http://wayback.archive.org/web/20140810044107id_/http://www.ut.ee:80/et	http://wayback.archive.org/web/20140810044107/http://www.ut.ee:80/et	20140810044107"
"https://www.ut.ee/et	http://wayback.archive.org/web/20140913154624id_/https://www.ut.ee/et	http://wayback.archive.org/web/20140913154624/https://www.ut.ee/et	20140913154624"
"https://www.ut.ee/et	http://wayback.archive.org/web/20141001234154id_/http://www.ut.ee/et	http://wayback.archive.org/web/20141001234154/http://www.ut.ee/et	20141001234154"
"https://www.ut.ee/et	http://wayback.archive.org/web/20141013061134id_/http://www.ut.ee/et	http://wayback.archive.org/web/20141013061134/http://www.ut.ee/et	20141013061134"
"https://www.ut.ee/et	http://wayback.archive.org/web/20141016175229id_/http://www.ut.ee:80/et	http://wayback.archive.org/web/20141016175229/http://www.ut.ee:80/et	20141016175229"
"https://www.ut.ee/et	http://wayback.archive.org/web/20141103063005id_/http://www.ut.ee/et	http://wayback.archive.org/web/20141103063005/http://www.ut.ee/et	20141103063005"
"https://www.ut.ee/et	http://wayback.archive.org/web/20141129104611id_/https://www.ut.ee/et	http://wayback.archive.org/web/20141129104611/https://www.ut.ee/et	20141129104611"
"https://www.ut.ee/et	http://wayback.archive.org/web/20141231095029id_/http://www.ut.ee/et	http://wayback.archive.org/web/20141231095029/http://www.ut.ee/et	20141231095029"
"https://www.ut.ee/et	http://wayback.archive.org/web/20150101233701id_/http://www.ut.ee/et	http://wayback.archive.org/web/20150101233701/http://www.ut.ee/et	20150101233701"
"https://www.ut.ee/et	http://wayback.archive.org/web/20150205231016id_/http://www.ut.ee:80/et	http://wayback.archive.org/web/20150205231016/http://www.ut.ee:80/et	20150205231016"
"https://www.ut.ee/et	http://wayback.archive.org/web/20150207001353id_/http://www.ut.ee:80/et	http://wayback.archive.org/web/20150207001353/http://www.ut.ee:80/et	20150207001353"
"https://www.ut.ee/et	http://wayback.archive.org/web/20150208024456id_/http://www.ut.ee:80/et	http://wayback.archive.org/web/20150208024456/http://www.ut.ee:80/et	20150208024456"
"https://www.ut.ee/et	http://wayback.archive.org/web/20150217055953id_/http://www.ut.ee:80/et	http://wayback.archive.org/web/20150217055953/http://www.ut.ee:80/et	20150217055953"
"https://www.ut.ee/et	http://wayback.archive.org/web/20150217082450id_/http://www.ut.ee/et	http://wayback.archive.org/web/20150217082450/http://www.ut.ee/et	20150217082450"
"https://www.ut.ee/et	http://wayback.archive.org/web/20150220011411id_/https://www.ut.ee/et	http://wayback.archive.org/web/20150220011411/https://www.ut.ee/et	20150220011411"
"https://www.ut.ee/et	http://wayback.archive.org/web/20150224213338id_/http://www.ut.ee:80/et	http://wayback.archive.org/web/20150224213338/http://www.ut.ee:80/et	20150224213338"
"https://www.ut.ee/et	http://wayback.archive.org/web/20150306214344id_/http://www.ut.ee/et	http://wayback.archive.org/web/20150306214344/http://www.ut.ee/et	20150306214344"
"https://www.ut.ee/et	http://wayback.archive.org/web/20150307031636id_/http://www.ut.ee/et	http://wayback.archive.org/web/20150307031636/http://www.ut.ee/et	20150307031636"
"https://www.ut.ee/et	http://wayback.archive.org/web/20150308085548id_/http://www.ut.ee/et	http://wayback.archive.org/web/20150308085548/http://www.ut.ee/et	20150308085548"
"https://www.ut.ee/et	http://wayback.archive.org/web/20150313003813id_/http://www.ut.ee:80/et	http://wayback.archive.org/web/20150313003813/http://www.ut.ee:80/et	20150313003813"
"https://www.ut.ee/et	http://wayback.archive.org/web/20150313012125id_/http://www.ut.ee:80/et	http://wayback.archive.org/web/20150313012125/http://www.ut.ee:80/et	20150313012125"
"https://www.ut.ee/et	http://wayback.archive.org/web/20150315124449id_/http://www.ut.ee/et	http://wayback.archive.org/web/20150315124449/http://www.ut.ee/et	20150315124449"
"https://www.ut.ee/et	http://wayback.archive.org/web/20150327133657id_/http://www.ut.ee:80/et	http://wayback.archive.org/web/20150327133657/http://www.ut.ee:80/et	20150327133657"
"https://www.ut.ee/et	http://wayback.archive.org/web/20150328203739id_/http://www.ut.ee/et	http://wayback.archive.org/web/20150328203739/http://www.ut.ee/et	20150328203739"
"https://www.ut.ee/et	http://wayback.archive.org/web/20150401234156id_/http://www.ut.ee/et	http://wayback.archive.org/web/20150401234156/http://www.ut.ee/et	20150401234156"
"https://www.ut.ee/et	http://wayback.archive.org/web/20150419000930id_/http://www.ut.ee:80/et	http://wayback.archive.org/web/20150419000930/http://www.ut.ee:80/et	20150419000930"
"https://www.ut.ee/et	http://wayback.archive.org/web/20150422015312id_/http://www.ut.ee:80/et	http://wayback.archive.org/web/20150422015312/http://www.ut.ee:80/et	20150422015312"
"https://www.ut.ee/et	http://wayback.archive.org/web/20150427040332id_/http://www.ut.ee:80/et	http://wayback.archive.org/web/20150427040332/http://www.ut.ee:80/et	20150427040332"
"https://www.ut.ee/et	http://wayback.archive.org/web/20150509023346id_/http://www.ut.ee/et	http://wayback.archive.org/web/20150509023346/http://www.ut.ee/et	20150509023346"
"https://www.ut.ee/et	http://wayback.archive.org/web/20150510011450id_/http://www.ut.ee:80/et	http://wayback.archive.org/web/20150510011450/http://www.ut.ee:80/et	20150510011450"
"https://www.ut.ee/et	http://wayback.archive.org/web/20150526051705id_/http://www.ut.ee:80/et	http://wayback.archive.org/web/20150526051705/http://www.ut.ee:80/et	20150526051705"
"https://www.ut.ee/et	http://wayback.archive.org/web/20150627120505id_/http://www.ut.ee/et	http://wayback.archive.org/web/20150627120505/http://www.ut.ee/et	20150627120505"
"https://www.ut.ee/et	http://wayback.archive.org/web/20150702065149id_/http://www.ut.ee/et	http://wayback.archive.org/web/20150702065149/http://www.ut.ee/et	20150702065149"
"https://www.ut.ee/et	http://wayback.archive.org/web/20150705224521id_/http://www.ut.ee/et	http://wayback.archive.org/web/20150705224521/http://www.ut.ee/et	20150705224521"
"https://www.ut.ee/et	http://wayback.archive.org/web/20150707163412id_/http://www.ut.ee:80/et	http://wayback.archive.org/web/20150707163412/http://www.ut.ee:80/et	20150707163412"
"https://www.ut.ee/et	http://wayback.archive.org/web/20150708164108id_/http://www.ut.ee:80/et	http://wayback.archive.org/web/20150708164108/http://www.ut.ee:80/et	20150708164108"
"https://www.ut.ee/et	http://wayback.archive.org/web/20150709234430id_/http://www.ut.ee:80/et	http://wayback.archive.org/web/20150709234430/http://www.ut.ee:80/et	20150709234430"
"https://www.ut.ee/et	http://wayback.archive.org/web/20150717190641id_/http://www.ut.ee:80/et	http://wayback.archive.org/web/20150717190641/http://www.ut.ee:80/et	20150717190641"
"https://www.ut.ee/et	http://wayback.archive.org/web/20150810192408id_/http://www.ut.ee/et	http://wayback.archive.org/web/20150810192408/http://www.ut.ee/et	20150810192408"
"https://www.ut.ee/et	http://wayback.archive.org/web/20150819101657id_/http://www.ut.ee:80/et	http://wayback.archive.org/web/20150819101657/http://www.ut.ee:80/et	20150819101657"
"https://www.ut.ee/et	http://wayback.archive.org/web/20150828053410id_/http://www.ut.ee:80/et	http://wayback.archive.org/web/20150828053410/http://www.ut.ee:80/et	20150828053410"
"https://www.ut.ee/et	http://wayback.archive.org/web/20150905093940id_/http://www.ut.ee:80/et	http://wayback.archive.org/web/20150905093940/http://www.ut.ee:80/et	20150905093940"
"https://www.ut.ee/et	http://wayback.archive.org/web/20150905144155id_/http://www.ut.ee/et	http://wayback.archive.org/web/20150905144155/http://www.ut.ee/et	20150905144155"
"https://www.ut.ee/et	http://wayback.archive.org/web/20150907021223id_/http://www.ut.ee:80/et	http://wayback.archive.org/web/20150907021223/http://www.ut.ee:80/et	20150907021223"
"https://www.ut.ee/et	http://wayback.archive.org/web/20150914032408id_/http://www.ut.ee:80/et	http://wayback.archive.org/web/20150914032408/http://www.ut.ee:80/et	20150914032408"
"https://www.ut.ee/et	http://wayback.archive.org/web/20150923145730id_/http://www.ut.ee:80/et	http://wayback.archive.org/web/20150923145730/http://www.ut.ee:80/et	20150923145730"
"https://www.ut.ee/et	http://wayback.archive.org/web/20151001234929id_/http://www.ut.ee/et	http://wayback.archive.org/web/20151001234929/http://www.ut.ee/et	20151001234929"
"https://www.ut.ee/et	http://wayback.archive.org/web/20151002172601id_/http://www.ut.ee:80/et	http://wayback.archive.org/web/20151002172601/http://www.ut.ee:80/et	20151002172601"
"https://www.ut.ee/et	http://wayback.archive.org/web/20151008194408id_/http://www.ut.ee/et	http://wayback.archive.org/web/20151008194408/http://www.ut.ee/et	20151008194408"
"https://www.ut.ee/et	http://wayback.archive.org/web/20151013060021id_/http://www.ut.ee:80/et	http://wayback.archive.org/web/20151013060021/http://www.ut.ee:80/et	20151013060021"
"https://www.ut.ee/et	http://wayback.archive.org/web/20151025052041id_/http://www.ut.ee:80/et	http://wayback.archive.org/web/20151025052041/http://www.ut.ee:80/et	20151025052041"
"https://www.ut.ee/et	http://wayback.archive.org/web/20151104175901id_/http://www.ut.ee/et	http://wayback.archive.org/web/20151104175901/http://www.ut.ee/et	20151104175901"
"https://www.ut.ee/et	http://wayback.archive.org/web/20151108034142id_/http://www.ut.ee:80/et	http://wayback.archive.org/web/20151108034142/http://www.ut.ee:80/et	20151108034142"
"https://www.ut.ee/et	http://wayback.archive.org/web/20151108201604id_/http://www.ut.ee/et	http://wayback.archive.org/web/20151108201604/http://www.ut.ee/et	20151108201604"
"https://www.ut.ee/et	http://wayback.archive.org/web/20151121064700id_/http://www.ut.ee:80/et	http://wayback.archive.org/web/20151121064700/http://www.ut.ee:80/et	20151121064700"
"https://www.ut.ee/et	http://wayback.archive.org/web/20151125085324id_/http://www.ut.ee/et/	http://wayback.archive.org/web/20151125085324/http://www.ut.ee/et/	20151125085324"
"https://www.ut.ee/et	http://wayback.archive.org/web/20151125085329id_/http://www.ut.ee/et	http://wayback.archive.org/web/20151125085329/http://www.ut.ee/et	20151125085329"
"https://www.ut.ee/et	http://wayback.archive.org/web/20151204164401id_/http://www.ut.ee:80/et	http://wayback.archive.org/web/20151204164401/http://www.ut.ee:80/et	20151204164401"
"https://www.ut.ee/et	http://wayback.archive.org/web/20151206122830id_/http://www.ut.ee:80/et	http://wayback.archive.org/web/20151206122830/http://www.ut.ee:80/et	20151206122830"
"https://www.ut.ee/et	http://wayback.archive.org/web/20151211015723id_/http://www.ut.ee/et	http://wayback.archive.org/web/20151211015723/http://www.ut.ee/et	20151211015723"
"https://www.ut.ee/et	http://wayback.archive.org/web/20151211190655id_/http://www.ut.ee:80/et	http://wayback.archive.org/web/20151211190655/http://www.ut.ee:80/et	20151211190655"
"https://www.ut.ee/et	http://wayback.archive.org/web/20151219113750id_/http://www.ut.ee:80/et	http://wayback.archive.org/web/20151219113750/http://www.ut.ee:80/et	20151219113750"
"https://www.ut.ee/et	http://wayback.archive.org/web/20160101232613id_/http://www.ut.ee/et	http://wayback.archive.org/web/20160101232613/http://www.ut.ee/et	20160101232613"
"https://www.ut.ee/et	http://wayback.archive.org/web/20160106172210id_/http://www.ut.ee:80/et	http://wayback.archive.org/web/20160106172210/http://www.ut.ee:80/et	20160106172210"
"https://www.ut.ee/et	http://wayback.archive.org/web/20160109143603id_/http://www.ut.ee/et	http://wayback.archive.org/web/20160109143603/http://www.ut.ee/et	20160109143603"
"https://www.ut.ee/et	http://wayback.archive.org/web/20160128182657id_/http://www.ut.ee:80/et	http://wayback.archive.org/web/20160128182657/http://www.ut.ee:80/et	20160128182657"
"https://www.ut.ee/et	http://wayback.archive.org/web/20160215014726id_/http://www.ut.ee:80/et	http://wayback.archive.org/web/20160215014726/http://www.ut.ee:80/et	20160215014726"
"https://www.ut.ee/et	http://wayback.archive.org/web/20160302063719id_/http://www.ut.ee:80/et	http://wayback.archive.org/web/20160302063719/http://www.ut.ee:80/et	20160302063719"
"https://www.ut.ee/et	http://wayback.archive.org/web/20160308090816id_/http://ut.ee/et	http://wayback.archive.org/web/20160308090816/http://ut.ee/et	20160308090816"
"https://www.ut.ee/et	http://wayback.archive.org/web/20160311033746id_/http://www.ut.ee/et	http://wayback.archive.org/web/20160311033746/http://www.ut.ee/et	20160311033746"
"https://www.ut.ee/et	http://wayback.archive.org/web/20160312163926id_/http://www.ut.ee:80/et	http://wayback.archive.org/web/20160312163926/http://www.ut.ee:80/et	20160312163926"
"https://www.ut.ee/et	http://wayback.archive.org/web/20160315125616id_/http://www.ut.ee:80/et	http://wayback.archive.org/web/20160315125616/http://www.ut.ee:80/et	20160315125616"
"https://www.ut.ee/et	http://wayback.archive.org/web/20160319211252id_/http://www.ut.ee/et	http://wayback.archive.org/web/20160319211252/http://www.ut.ee/et	20160319211252"
"https://www.ut.ee/et	http://wayback.archive.org/web/20160325142226id_/http://www.ut.ee:80/et	http://wayback.archive.org/web/20160325142226/http://www.ut.ee:80/et	20160325142226"
"https://www.ut.ee/et	http://wayback.archive.org/web/20160331032651id_/http://www.ut.ee:80/et?	http://wayback.archive.org/web/20160331032651/http://www.ut.ee:80/et?	20160331032651"
"https://www.ut.ee/et	http://wayback.archive.org/web/20160406101356id_/http://www.ut.ee:80/et	http://wayback.archive.org/web/20160406101356/http://www.ut.ee:80/et	20160406101356"
"https://www.ut.ee/et	http://wayback.archive.org/web/20160411184944id_/http://www.ut.ee/et	http://wayback.archive.org/web/20160411184944/http://www.ut.ee/et	20160411184944"
"https://www.ut.ee/et	http://wayback.archive.org/web/20160414143313id_/http://www.ut.ee:80/et	http://wayback.archive.org/web/20160414143313/http://www.ut.ee:80/et	20160414143313"
"https://www.ut.ee/et	http://wayback.archive.org/web/20160421123818id_/http://www.ut.ee:80/et	http://wayback.archive.org/web/20160421123818/http://www.ut.ee:80/et	20160421123818"
"https://www.ut.ee/et	http://wayback.archive.org/web/20160429030757id_/http://www.ut.ee:80/et	http://wayback.archive.org/web/20160429030757/http://www.ut.ee:80/et	20160429030757"
"https://www.ut.ee/et	http://wayback.archive.org/web/20160506022521id_/http://www.ut.ee:80/et	http://wayback.archive.org/web/20160506022521/http://www.ut.ee:80/et	20160506022521"
"https://www.ut.ee/et	http://wayback.archive.org/web/20160506102843id_/http://www.ut.ee:80/et	http://wayback.archive.org/web/20160506102843/http://www.ut.ee:80/et	20160506102843"
"https://www.ut.ee/et	http://wayback.archive.org/web/20160512031951id_/http://www.ut.ee:80/et	http://wayback.archive.org/web/20160512031951/http://www.ut.ee:80/et	20160512031951"
"https://www.ut.ee/et	http://wayback.archive.org/web/20160512100345id_/http://www.ut.ee:80/et?	http://wayback.archive.org/web/20160512100345/http://www.ut.ee:80/et?	20160512100345"
"https://www.ut.ee/et	http://wayback.archive.org/web/20160514134310id_/http://www.ut.ee:80/et	http://wayback.archive.org/web/20160514134310/http://www.ut.ee:80/et	20160514134310"
"https://www.ut.ee/et	http://wayback.archive.org/web/20160522052546id_/http://www.ut.ee:80/et	http://wayback.archive.org/web/20160522052546/http://www.ut.ee:80/et	20160522052546"
"https://www.ut.ee/et	http://wayback.archive.org/web/20160529041037id_/http://www.ut.ee:80/et	http://wayback.archive.org/web/20160529041037/http://www.ut.ee:80/et	20160529041037"
"https://www.ut.ee/et	http://wayback.archive.org/web/20160604000148id_/http://www.ut.ee:80/et	http://wayback.archive.org/web/20160604000148/http://www.ut.ee:80/et	20160604000148"
"https://www.ut.ee/et	http://wayback.archive.org/web/20160610022258id_/http://www.ut.ee:80/et	http://wayback.archive.org/web/20160610022258/http://www.ut.ee:80/et	20160610022258"
"https://www.ut.ee/et	http://wayback.archive.org/web/20160611032638id_/http://www.ut.ee/et	http://wayback.archive.org/web/20160611032638/http://www.ut.ee/et	20160611032638"
"https://www.ut.ee/et	http://wayback.archive.org/web/20160612014738id_/http://www.ut.ee:80/et	http://wayback.archive.org/web/20160612014738/http://www.ut.ee:80/et	20160612014738"
"https://www.ut.ee/et	http://wayback.archive.org/web/20160616131117id_/http://www.ut.ee:80/et	http://wayback.archive.org/web/20160616131117/http://www.ut.ee:80/et	20160616131117"
"https://www.ut.ee/et	http://wayback.archive.org/web/20160622033221id_/http://www.ut.ee:80/et	http://wayback.archive.org/web/20160622033221/http://www.ut.ee:80/et	20160622033221"
"https://www.ut.ee/et	http://wayback.archive.org/web/20160627151313id_/http://www.ut.ee:80/et	http://wayback.archive.org/web/20160627151313/http://www.ut.ee:80/et	20160627151313"
"https://www.ut.ee/et	http://wayback.archive.org/web/20160703031143id_/http://www.ut.ee:80/et	http://wayback.archive.org/web/20160703031143/http://www.ut.ee:80/et	20160703031143"
"https://www.ut.ee/et	http://wayback.archive.org/web/20160708213311id_/http://www.ut.ee:80/et	http://wayback.archive.org/web/20160708213311/http://www.ut.ee:80/et	20160708213311"
"https://www.ut.ee/et	http://wayback.archive.org/web/20160712141913id_/http://www.ut.ee:80/et	http://wayback.archive.org/web/20160712141913/http://www.ut.ee:80/et	20160712141913"
"https://www.ut.ee/et	http://wayback.archive.org/web/20160714040427id_/http://www.ut.ee:80/et	http://wayback.archive.org/web/20160714040427/http://www.ut.ee:80/et	20160714040427"
"https://www.ut.ee/et	http://wayback.archive.org/web/20160714072237id_/http://www.ut.ee/et	http://wayback.archive.org/web/20160714072237/http://www.ut.ee/et	20160714072237"
"https://www.ut.ee/et	http://wayback.archive.org/web/20160715063029id_/http://www.ut.ee:80/et	http://wayback.archive.org/web/20160715063029/http://www.ut.ee:80/et	20160715063029"
"https://www.ut.ee/et	http://wayback.archive.org/web/20160720222110id_/http://www.ut.ee:80/et	http://wayback.archive.org/web/20160720222110/http://www.ut.ee:80/et	20160720222110"
"https://www.ut.ee/et	http://wayback.archive.org/web/20160722075921id_/http://www.ut.ee:80/et	http://wayback.archive.org/web/20160722075921/http://www.ut.ee:80/et	20160722075921"
"https://www.ut.ee/et	http://wayback.archive.org/web/20160727003652id_/http://www.ut.ee:80/et	http://wayback.archive.org/web/20160727003652/http://www.ut.ee:80/et	20160727003652"
"https://www.ut.ee/et	http://wayback.archive.org/web/20160728084851id_/http://www.ut.ee:80/et	http://wayback.archive.org/web/20160728084851/http://www.ut.ee:80/et	20160728084851"
"https://www.ut.ee/et	http://wayback.archive.org/web/20160804173041id_/http://www.ut.ee/et	http://wayback.archive.org/web/20160804173041/http://www.ut.ee/et	20160804173041"
"https://www.ut.ee/et	http://wayback.archive.org/web/20160805041004id_/http://www.ut.ee:80/et	http://wayback.archive.org/web/20160805041004/http://www.ut.ee:80/et	20160805041004"
"https://www.ut.ee/et	http://wayback.archive.org/web/20160812031107id_/http://www.ut.ee:80/et	http://wayback.archive.org/web/20160812031107/http://www.ut.ee:80/et	20160812031107"
"https://www.ut.ee/et	http://wayback.archive.org/web/20160813010231id_/http://www.ut.ee:80/et	http://wayback.archive.org/web/20160813010231/http://www.ut.ee:80/et	20160813010231"
"https://www.ut.ee/et	http://wayback.archive.org/web/20160820003841id_/http://www.ut.ee:80/et	http://wayback.archive.org/web/20160820003841/http://www.ut.ee:80/et	20160820003841"
"https://www.ut.ee/et	http://wayback.archive.org/web/20160827073209id_/http://www.ut.ee:80/et	http://wayback.archive.org/web/20160827073209/http://www.ut.ee:80/et	20160827073209"
"https://www.ut.ee/et	http://wayback.archive.org/web/20160829001021id_/http://www.ut.ee:80/et	http://wayback.archive.org/web/20160829001021/http://www.ut.ee:80/et	20160829001021"
"https://www.ut.ee/et	http://wayback.archive.org/web/20160904024638id_/http://www.ut.ee:80/et	http://wayback.archive.org/web/20160904024638/http://www.ut.ee:80/et	20160904024638"
"https://www.ut.ee/et	http://wayback.archive.org/web/20160905093844id_/http://www.ut.ee:80/et	http://wayback.archive.org/web/20160905093844/http://www.ut.ee:80/et	20160905093844"
"https://www.ut.ee/et	http://wayback.archive.org/web/20160909132338id_/https://www.ut.ee/et	http://wayback.archive.org/web/20160909132338/https://www.ut.ee/et	20160909132338"
"https://www.ut.ee/et	http://wayback.archive.org/web/20160909170021id_/https://www.ut.ee/et	http://wayback.archive.org/web/20160909170021/https://www.ut.ee/et	20160909170021"
"https://www.ut.ee/et	http://wayback.archive.org/web/20160910233244id_/http://www.ut.ee:80/et	http://wayback.archive.org/web/20160910233244/http://www.ut.ee:80/et	20160910233244"
"https://www.ut.ee/et	http://wayback.archive.org/web/20160911020838id_/http://www.ut.ee/et	http://wayback.archive.org/web/20160911020838/http://www.ut.ee/et	20160911020838"
"https://www.ut.ee/et	http://wayback.archive.org/web/20160911104136id_/http://www.ut.ee:80/et	http://wayback.archive.org/web/20160911104136/http://www.ut.ee:80/et	20160911104136"
"https://www.ut.ee/et	http://wayback.archive.org/web/20160917111213id_/http://www.ut.ee:80/et	http://wayback.archive.org/web/20160917111213/http://www.ut.ee:80/et	20160917111213"
"https://www.ut.ee/et	http://wayback.archive.org/web/20160922152721id_/http://www.ut.ee:80/et	http://wayback.archive.org/web/20160922152721/http://www.ut.ee:80/et	20160922152721"
"https://www.ut.ee/et	http://wayback.archive.org/web/20160927231813id_/http://www.ut.ee:80/et	http://wayback.archive.org/web/20160927231813/http://www.ut.ee:80/et	20160927231813"
"https://www.ut.ee/et	http://wayback.archive.org/web/20160929175348id_/http://www.ut.ee:80/et	http://wayback.archive.org/web/20160929175348/http://www.ut.ee:80/et	20160929175348"
"https://www.ut.ee/et	http://wayback.archive.org/web/20161003050221id_/http://www.ut.ee:80/et	http://wayback.archive.org/web/20161003050221/http://www.ut.ee:80/et	20161003050221"
"https://www.ut.ee/et	http://wayback.archive.org/web/20161004071246id_/http://www.ut.ee:80/et	http://wayback.archive.org/web/20161004071246/http://www.ut.ee:80/et	20161004071246"
"https://www.ut.ee/et	http://wayback.archive.org/web/20161009210821id_/http://www.ut.ee:80/et	http://wayback.archive.org/web/20161009210821/http://www.ut.ee:80/et	20161009210821"
"https://www.ut.ee/et	http://wayback.archive.org/web/20161011094908id_/http://www.ut.ee/et	http://wayback.archive.org/web/20161011094908/http://www.ut.ee/et	20161011094908"
"https://www.ut.ee/et	http://wayback.archive.org/web/20161014215329id_/http://www.ut.ee:80/et	http://wayback.archive.org/web/20161014215329/http://www.ut.ee:80/et	20161014215329"
"https://www.ut.ee/et	http://wayback.archive.org/web/20161020074705id_/http://www.ut.ee/et	http://wayback.archive.org/web/20161020074705/http://www.ut.ee/et	20161020074705"
"https://www.ut.ee/et	http://wayback.archive.org/web/20161021141533id_/http://www.ut.ee:80/et	http://wayback.archive.org/web/20161021141533/http://www.ut.ee:80/et	20161021141533"
"https://www.ut.ee/et	http://wayback.archive.org/web/20161026034603id_/http://www.ut.ee:80/et	http://wayback.archive.org/web/20161026034603/http://www.ut.ee:80/et	20161026034603"
"https://www.ut.ee/et	http://wayback.archive.org/web/20161027094834id_/http://www.ut.ee:80/et	http://wayback.archive.org/web/20161027094834/http://www.ut.ee:80/et	20161027094834"
"https://www.ut.ee/et	http://wayback.archive.org/web/20161101093125id_/http://www.ut.ee:80/et	http://wayback.archive.org/web/20161101093125/http://www.ut.ee:80/et	20161101093125"
"https://www.ut.ee/et	http://wayback.archive.org/web/20161107021604id_/http://www.ut.ee:80/et	http://wayback.archive.org/web/20161107021604/http://www.ut.ee:80/et	20161107021604"
"https://www.ut.ee/et	http://wayback.archive.org/web/20161111005739id_/http://www.ut.ee:80/et	http://wayback.archive.org/web/20161111005739/http://www.ut.ee:80/et	20161111005739"
"https://www.ut.ee/et	http://wayback.archive.org/web/20161112142632id_/http://www.ut.ee:80/et	http://wayback.archive.org/web/20161112142632/http://www.ut.ee:80/et	20161112142632"
"https://www.ut.ee/et	http://wayback.archive.org/web/20161113205913id_/http://www.ut.ee:80/et	http://wayback.archive.org/web/20161113205913/http://www.ut.ee:80/et	20161113205913"
"https://www.ut.ee/et	http://wayback.archive.org/web/20161118212930id_/http://www.ut.ee:80/et	http://wayback.archive.org/web/20161118212930/http://www.ut.ee:80/et	20161118212930"
"https://www.ut.ee/et	http://wayback.archive.org/web/20161126113349id_/http://www.ut.ee:80/et	http://wayback.archive.org/web/20161126113349/http://www.ut.ee:80/et	20161126113349"
"https://www.ut.ee/et	http://wayback.archive.org/web/20161202170301id_/http://www.ut.ee/et	http://wayback.archive.org/web/20161202170301/http://www.ut.ee/et	20161202170301"
"https://www.ut.ee/et	http://wayback.archive.org/web/20161211020933id_/http://www.ut.ee/et	http://wayback.archive.org/web/20161211020933/http://www.ut.ee/et	20161211020933"
"https://www.ut.ee/et	http://wayback.archive.org/web/20161217112920id_/http://www.ut.ee:80/et	http://wayback.archive.org/web/20161217112920/http://www.ut.ee:80/et	20161217112920"
"https://www.ut.ee/et	http://wayback.archive.org/web/20170111114006id_/http://www.ut.ee:80/et	http://wayback.archive.org/web/20170111114006/http://www.ut.ee:80/et	20170111114006"
"https://www.ut.ee/et	http://wayback.archive.org/web/20170113080136id_/https://www.ut.ee/et	http://wayback.archive.org/web/20170113080136/https://www.ut.ee/et	20170113080136"
"https://www.ut.ee/et	http://wayback.archive.org/web/20170119103949id_/http://www.ut.ee/et	http://wayback.archive.org/web/20170119103949/http://www.ut.ee/et	20170119103949"
"https://www.ut.ee/et	http://wayback.archive.org/web/20170131114802id_/http://www.ut.ee:80/et	http://wayback.archive.org/web/20170131114802/http://www.ut.ee:80/et	20170131114802"
"https://www.ut.ee/et	http://wayback.archive.org/web/20170206065232id_/http://www.ut.ee/et	http://wayback.archive.org/web/20170206065232/http://www.ut.ee/et	20170206065232"
"https://www.ut.ee/et	http://wayback.archive.org/web/20170212061912id_/http://www.ut.ee/et	http://wayback.archive.org/web/20170212061912/http://www.ut.ee/et	20170212061912"
"https://www.ut.ee/et	http://wayback.archive.org/web/20170227093410id_/http://www.ut.ee:80/et?	http://wayback.archive.org/web/20170227093410/http://www.ut.ee:80/et?	20170227093410"
"https://www.ut.ee/et	http://wayback.archive.org/web/20170303215424id_/http://www.ut.ee:80/et	http://wayback.archive.org/web/20170303215424/http://www.ut.ee:80/et	20170303215424"
"https://www.ut.ee/et	http://wayback.archive.org/web/20170311021350id_/http://www.ut.ee/et	http://wayback.archive.org/web/20170311021350/http://www.ut.ee/et	20170311021350"
"https://www.ut.ee/et	http://wayback.archive.org/web/20170321075512id_/http://www.ut.ee/et	http://wayback.archive.org/web/20170321075512/http://www.ut.ee/et	20170321075512"
"https://www.ut.ee/et	http://wayback.archive.org/web/20170331195315id_/http://www.ut.ee:80/et	http://wayback.archive.org/web/20170331195315/http://www.ut.ee:80/et	20170331195315"
"https://www.ut.ee/et	http://wayback.archive.org/web/20170419172328id_/http://www.ut.ee:80/et	http://wayback.archive.org/web/20170419172328/http://www.ut.ee:80/et	20170419172328"
"https://www.ut.ee/et	http://wayback.archive.org/web/20170420104441id_/http://www.ut.ee:80/et	http://wayback.archive.org/web/20170420104441/http://www.ut.ee:80/et	20170420104441"
"https://www.ut.ee/et	http://wayback.archive.org/web/20170427021941id_/http://www.ut.ee:80/et	http://wayback.archive.org/web/20170427021941/http://www.ut.ee:80/et	20170427021941"
"https://www.ut.ee/et	http://wayback.archive.org/web/20170428030829id_/http://www.ut.ee:80/et	http://wayback.archive.org/web/20170428030829/http://www.ut.ee:80/et	20170428030829"
"https://www.ut.ee/et	http://wayback.archive.org/web/20170503113823id_/http://www.ut.ee:80/et	http://wayback.archive.org/web/20170503113823/http://www.ut.ee:80/et	20170503113823"
"https://www.ut.ee/et	http://wayback.archive.org/web/20170504195406id_/http://www.ut.ee/et	http://wayback.archive.org/web/20170504195406/http://www.ut.ee/et	20170504195406"
"https://www.ut.ee/et	http://wayback.archive.org/web/20170504195406id_/http://www.ut.ee/et/	http://wayback.archive.org/web/20170504195406/http://www.ut.ee/et/	20170504195406"
"https://www.ut.ee/et	http://wayback.archive.org/web/20170504230748id_/http://www.ut.ee/et	http://wayback.archive.org/web/20170504230748/http://www.ut.ee/et	20170504230748"
"https://www.ut.ee/et	http://wayback.archive.org/web/20170506233230id_/http://www.ut.ee:80/et	http://wayback.archive.org/web/20170506233230/http://www.ut.ee:80/et	20170506233230"
"https://www.ut.ee/et	http://wayback.archive.org/web/20170514000014id_/http://www.ut.ee:80/et	http://wayback.archive.org/web/20170514000014/http://www.ut.ee:80/et	20170514000014"
"https://www.ut.ee/et	http://wayback.archive.org/web/20170516035452id_/http://www.ut.ee/et	http://wayback.archive.org/web/20170516035452/http://www.ut.ee/et	20170516035452"
"https://www.ut.ee/et	http://wayback.archive.org/web/20170519155614id_/http://www.ut.ee:80/et?	http://wayback.archive.org/web/20170519155614/http://www.ut.ee:80/et?	20170519155614"
"https://www.ut.ee/et	http://wayback.archive.org/web/20170520151126id_/http://www.ut.ee:80/et	http://wayback.archive.org/web/20170520151126/http://www.ut.ee:80/et	20170520151126"
"https://www.ut.ee/et	http://wayback.archive.org/web/20170527143301id_/http://www.ut.ee:80/et	http://wayback.archive.org/web/20170527143301/http://www.ut.ee:80/et	20170527143301"
"https://www.ut.ee/et	http://wayback.archive.org/web/20170528094921id_/http://www.ut.ee/et	http://wayback.archive.org/web/20170528094921/http://www.ut.ee/et	20170528094921"
"https://www.ut.ee/et	http://wayback.archive.org/web/20170529020048id_/http://www.ut.ee/et	http://wayback.archive.org/web/20170529020048/http://www.ut.ee/et	20170529020048"
"https://www.ut.ee/et	http://wayback.archive.org/web/20170529020048id_/http://www.ut.ee/et/	http://wayback.archive.org/web/20170529020048/http://www.ut.ee/et/	20170529020048"
"https://www.ut.ee/et	http://wayback.archive.org/web/20170529113153id_/http://www.ut.ee/et	http://wayback.archive.org/web/20170529113153/http://www.ut.ee/et	20170529113153"
"https://www.ut.ee/et	http://wayback.archive.org/web/20170603010946id_/http://www.ut.ee/et	http://wayback.archive.org/web/20170603010946/http://www.ut.ee/et	20170603010946"
"https://www.ut.ee/et	http://wayback.archive.org/web/20170603115031id_/http://www.ut.ee:80/et	http://wayback.archive.org/web/20170603115031/http://www.ut.ee:80/et	20170603115031"
"https://www.ut.ee/et	http://wayback.archive.org/web/20170608084507id_/http://www.ut.ee:80/et	http://wayback.archive.org/web/20170608084507/http://www.ut.ee:80/et	20170608084507"
"https://www.ut.ee/et	http://wayback.archive.org/web/20170609014056id_/http://www.ut.ee/et	http://wayback.archive.org/web/20170609014056/http://www.ut.ee/et	20170609014056"
"https://www.ut.ee/et	http://wayback.archive.org/web/20170609160817id_/http://www.ut.ee:80/et	http://wayback.archive.org/web/20170609160817/http://www.ut.ee:80/et	20170609160817"
"https://www.ut.ee/et	http://wayback.archive.org/web/20170614161841id_/http://www.ut.ee:80/et	http://wayback.archive.org/web/20170614161841/http://www.ut.ee:80/et	20170614161841"
"https://www.ut.ee/et	http://wayback.archive.org/web/20170618130519id_/http://www.ut.ee:80/et	http://wayback.archive.org/web/20170618130519/http://www.ut.ee:80/et	20170618130519"
"https://www.ut.ee/et	http://wayback.archive.org/web/20170619150033id_/http://www.ut.ee:80/et?	http://wayback.archive.org/web/20170619150033/http://www.ut.ee:80/et?	20170619150033"
"https://www.ut.ee/et	http://wayback.archive.org/web/20170619150224id_/http://www.ut.ee:80/et	http://wayback.archive.org/web/20170619150224/http://www.ut.ee:80/et	20170619150224"
"https://www.ut.ee/et	http://wayback.archive.org/web/20170621061913id_/http://www.ut.ee:80/et	http://wayback.archive.org/web/20170621061913/http://www.ut.ee:80/et	20170621061913"
"https://www.ut.ee/et	http://wayback.archive.org/web/20170627200414id_/http://www.ut.ee:80/et	http://wayback.archive.org/web/20170627200414/http://www.ut.ee:80/et	20170627200414"
"https://www.ut.ee/et	http://wayback.archive.org/web/20170702134942id_/http://www.ut.ee:80/et	http://wayback.archive.org/web/20170702134942/http://www.ut.ee:80/et	20170702134942"
"https://www.ut.ee/et	http://wayback.archive.org/web/20170703211158id_/http://www.ut.ee:80/et	http://wayback.archive.org/web/20170703211158/http://www.ut.ee:80/et	20170703211158"
"https://www.ut.ee/et	http://wayback.archive.org/web/20170708221657id_/http://www.ut.ee:80/et	http://wayback.archive.org/web/20170708221657/http://www.ut.ee:80/et	20170708221657"
"https://www.ut.ee/et	http://wayback.archive.org/web/20170718120911id_/http://www.ut.ee:80/et	http://wayback.archive.org/web/20170718120911/http://www.ut.ee:80/et	20170718120911"
"https://www.ut.ee/et	http://wayback.archive.org/web/20170725212808id_/http://www.ut.ee:80/et	http://wayback.archive.org/web/20170725212808/http://www.ut.ee:80/et	20170725212808"
"https://www.ut.ee/et	http://wayback.archive.org/web/20170802055158id_/http://www.ut.ee:80/et	http://wayback.archive.org/web/20170802055158/http://www.ut.ee:80/et	20170802055158"
"https://www.ut.ee/et	http://wayback.archive.org/web/20170803143129id_/http://www.ut.ee:80/et	http://wayback.archive.org/web/20170803143129/http://www.ut.ee:80/et	20170803143129"
"https://www.ut.ee/et	http://wayback.archive.org/web/20170811195858id_/http://www.ut.ee:80/et	http://wayback.archive.org/web/20170811195858/http://www.ut.ee:80/et	20170811195858"
"https://www.ut.ee/et	http://wayback.archive.org/web/20170813082546id_/http://www.ut.ee:80/et	http://wayback.archive.org/web/20170813082546/http://www.ut.ee:80/et	20170813082546"
"https://www.ut.ee/et	http://wayback.archive.org/web/20170819070623id_/http://www.ut.ee:80/et	http://wayback.archive.org/web/20170819070623/http://www.ut.ee:80/et	20170819070623"
"https://www.ut.ee/et	http://wayback.archive.org/web/20170825052058id_/http://www.ut.ee/et	http://wayback.archive.org/web/20170825052058/http://www.ut.ee/et	20170825052058"
"https://www.ut.ee/et	http://wayback.archive.org/web/20170825052106id_/http://www.ut.ee/et	http://wayback.archive.org/web/20170825052106/http://www.ut.ee/et	20170825052106"
"https://www.ut.ee/et	http://wayback.archive.org/web/20170825185358id_/http://www.ut.ee:80/et	http://wayback.archive.org/web/20170825185358/http://www.ut.ee:80/et	20170825185358"
"https://www.ut.ee/et	http://wayback.archive.org/web/20170902040024id_/http://www.ut.ee:80/et	http://wayback.archive.org/web/20170902040024/http://www.ut.ee:80/et	20170902040024"
"https://www.ut.ee/et	http://wayback.archive.org/web/20170904170418id_/http://www.ut.ee:80/et	http://wayback.archive.org/web/20170904170418/http://www.ut.ee:80/et	20170904170418"
"https://www.ut.ee/et	http://wayback.archive.org/web/20170910091333id_/http://www.ut.ee:80/et	http://wayback.archive.org/web/20170910091333/http://www.ut.ee:80/et	20170910091333"
"https://www.ut.ee/et	http://wayback.archive.org/web/20170916142753id_/http://www.ut.ee:80/et	http://wayback.archive.org/web/20170916142753/http://www.ut.ee:80/et	20170916142753"
"https://www.ut.ee/et	http://wayback.archive.org/web/20171003082428id_/http://www.ut.ee:80/et	http://wayback.archive.org/web/20171003082428/http://www.ut.ee:80/et	20171003082428"
"https://www.ut.ee/et	http://wayback.archive.org/web/20171009053229id_/http://www.ut.ee:80/et	http://wayback.archive.org/web/20171009053229/http://www.ut.ee:80/et	20171009053229"
"https://www.ut.ee/et	http://wayback.archive.org/web/20171012163611id_/http://www.ut.ee:80/et	http://wayback.archive.org/web/20171012163611/http://www.ut.ee:80/et	20171012163611"
"https://www.ut.ee/et	http://wayback.archive.org/web/20171014023554id_/http://www.ut.ee:80/et	http://wayback.archive.org/web/20171014023554/http://www.ut.ee:80/et	20171014023554"
"https://www.ut.ee/et	http://wayback.archive.org/web/20171014090801id_/http://www.ut.ee/et	http://wayback.archive.org/web/20171014090801/http://www.ut.ee/et	20171014090801"
"https://www.ut.ee/et	http://wayback.archive.org/web/20171017184631id_/http://www.ut.ee/et	http://wayback.archive.org/web/20171017184631/http://www.ut.ee/et	20171017184631"
"https://www.ut.ee/et	http://wayback.archive.org/web/20171019140116id_/http://www.ut.ee:80/et	http://wayback.archive.org/web/20171019140116/http://www.ut.ee:80/et	20171019140116"
"https://www.ut.ee/et	http://wayback.archive.org/web/20171020191527id_/http://www.ut.ee/et	http://wayback.archive.org/web/20171020191527/http://www.ut.ee/et	20171020191527"
"https://www.ut.ee/et	http://wayback.archive.org/web/20171021204246id_/http://www.ut.ee/et	http://wayback.archive.org/web/20171021204246/http://www.ut.ee/et	20171021204246"
"https://www.ut.ee/et	http://wayback.archive.org/web/20171026123814id_/http://www.ut.ee:80/et	http://wayback.archive.org/web/20171026123814/http://www.ut.ee:80/et	20171026123814"
"https://www.ut.ee/et	http://wayback.archive.org/web/20171101200449id_/http://www.ut.ee:80/et	http://wayback.archive.org/web/20171101200449/http://www.ut.ee:80/et	20171101200449"
"https://www.ut.ee/et	http://wayback.archive.org/web/20171102073152id_/http://www.ut.ee:80/et	http://wayback.archive.org/web/20171102073152/http://www.ut.ee:80/et	20171102073152"
"https://www.ut.ee/et	http://wayback.archive.org/web/20171107125348id_/http://www.ut.ee:80/et	http://wayback.archive.org/web/20171107125348/http://www.ut.ee:80/et	20171107125348"
"https://www.ut.ee/et	http://wayback.archive.org/web/20171129021300id_/https://www.ut.ee/et	http://wayback.archive.org/web/20171129021300/https://www.ut.ee/et	20171129021300"
"https://www.ut.ee/et	http://wayback.archive.org/web/20171204133830id_/https://www.ut.ee/et	http://wayback.archive.org/web/20171204133830/https://www.ut.ee/et	20171204133830"
"https://www.ut.ee/et	http://wayback.archive.org/web/20180101121215id_/http://www.ut.ee:80/et	http://wayback.archive.org/web/20180101121215/http://www.ut.ee:80/et	20180101121215"
"https://www.ut.ee/et	http://wayback.archive.org/web/20180119222709id_/https://www.ut.ee/et	http://wayback.archive.org/web/20180119222709/https://www.ut.ee/et	20180119222709"
"https://www.ut.ee/et	http://wayback.archive.org/web/20180122072450id_/https://www.ut.ee/et	http://wayback.archive.org/web/20180122072450/https://www.ut.ee/et	20180122072450"
"https://www.ut.ee/et	http://wayback.archive.org/web/20180124131506id_/https://www.ut.ee/et	http://wayback.archive.org/web/20180124131506/https://www.ut.ee/et	20180124131506"
"https://www.ut.ee/et	http://wayback.archive.org/web/20180302191421id_/http://www.ut.ee:80/et	http://wayback.archive.org/web/20180302191421/http://www.ut.ee:80/et	20180302191421"
"https://www.ut.ee/et	http://wayback.archive.org/web/20180413105116id_/https://www.ut.ee/et/	http://wayback.archive.org/web/20180413105116/https://www.ut.ee/et/	20180413105116"
"https://www.ut.ee/et	http://wayback.archive.org/web/20180413105117id_/https://www.ut.ee/et	http://wayback.archive.org/web/20180413105117/https://www.ut.ee/et	20180413105117"
"https://www.ut.ee/et	http://wayback.archive.org/web/20180413111742id_/https://www.ut.ee/et	http://wayback.archive.org/web/20180413111742/https://www.ut.ee/et	20180413111742"
"https://www.ut.ee/et	http://wayback.archive.org/web/20180413173005id_/https://www.ut.ee/et	http://wayback.archive.org/web/20180413173005/https://www.ut.ee/et	20180413173005"
"https://www.ut.ee/et	http://wayback.archive.org/web/20180502085610id_/http://www.ut.ee:80/et	http://wayback.archive.org/web/20180502085610/http://www.ut.ee:80/et	20180502085610"
"https://www.ut.ee/et	http://wayback.archive.org/web/20180517023712id_/https://www.ut.ee/et	http://wayback.archive.org/web/20180517023712/https://www.ut.ee/et	20180517023712"
"https://www.ut.ee/et	http://wayback.archive.org/web/20180605125257id_/https://www.ut.ee/et	http://wayback.archive.org/web/20180605125257/https://www.ut.ee/et	20180605125257"
"https://www.ut.ee/et	http://wayback.archive.org/web/20180612150134id_/https://www.ut.ee/et	http://wayback.archive.org/web/20180612150134/https://www.ut.ee/et	20180612150134"
"https://www.ut.ee/et	http://wayback.archive.org/web/20180612151004id_/https://www.ut.ee/et	http://wayback.archive.org/web/20180612151004/https://www.ut.ee/et	20180612151004"
"https://www.ut.ee/et	http://wayback.archive.org/web/20180613043144id_/https://www.ut.ee/et	http://wayback.archive.org/web/20180613043144/https://www.ut.ee/et	20180613043144"
"https://www.ut.ee/et	http://wayback.archive.org/web/20180615103233id_/https://www.ut.ee/et	http://wayback.archive.org/web/20180615103233/https://www.ut.ee/et	20180615103233"
"https://www.ut.ee/et	http://wayback.archive.org/web/20180615104109id_/https://www.ut.ee/et	http://wayback.archive.org/web/20180615104109/https://www.ut.ee/et	20180615104109"
"https://www.ut.ee/et	http://wayback.archive.org/web/20180615233733id_/https://www.ut.ee/et	http://wayback.archive.org/web/20180615233733/https://www.ut.ee/et	20180615233733"
"https://www.ut.ee/et	http://wayback.archive.org/web/20180616030151id_/https://www.ut.ee/et	http://wayback.archive.org/web/20180616030151/https://www.ut.ee/et	20180616030151"
"https://www.ut.ee/et	http://wayback.archive.org/web/20180616164442id_/https://www.ut.ee/et	http://wayback.archive.org/web/20180616164442/https://www.ut.ee/et	20180616164442"
"https://www.ut.ee/et	http://wayback.archive.org/web/20180616184451id_/https://www.ut.ee/et	http://wayback.archive.org/web/20180616184451/https://www.ut.ee/et	20180616184451"
"https://www.ut.ee/et	http://wayback.archive.org/web/20180616191017id_/https://www.ut.ee/et	http://wayback.archive.org/web/20180616191017/https://www.ut.ee/et	20180616191017"
"https://www.ut.ee/et	http://wayback.archive.org/web/20180616211142id_/https://www.ut.ee/et	http://wayback.archive.org/web/20180616211142/https://www.ut.ee/et	20180616211142"
"https://www.ut.ee/et	http://wayback.archive.org/web/20180616215951id_/http://www.ut.ee/et	http://wayback.archive.org/web/20180616215951/http://www.ut.ee/et	20180616215951"
"https://www.ut.ee/et	http://wayback.archive.org/web/20180616215952id_/https://www.ut.ee/et	http://wayback.archive.org/web/20180616215952/https://www.ut.ee/et	20180616215952"
"https://www.ut.ee/et	http://wayback.archive.org/web/20180617013327id_/https://www.ut.ee/et	http://wayback.archive.org/web/20180617013327/https://www.ut.ee/et	20180617013327"
"https://www.ut.ee/et	http://wayback.archive.org/web/20180617013327id_/https://www.ut.ee/et/	http://wayback.archive.org/web/20180617013327/https://www.ut.ee/et/	20180617013327"
"https://www.ut.ee/et	http://wayback.archive.org/web/20180617070129id_/https://www.ut.ee/et	http://wayback.archive.org/web/20180617070129/https://www.ut.ee/et	20180617070129"
"https://www.ut.ee/et	http://wayback.archive.org/web/20180617070303id_/https://www.ut.ee/et	http://wayback.archive.org/web/20180617070303/https://www.ut.ee/et	20180617070303"
"https://www.ut.ee/et	http://wayback.archive.org/web/20180622194540id_/https://www.ut.ee/et	http://wayback.archive.org/web/20180622194540/https://www.ut.ee/et	20180622194540"
"https://www.ut.ee/et	http://wayback.archive.org/web/20180622195021id_/https://www.ut.ee/et	http://wayback.archive.org/web/20180622195021/https://www.ut.ee/et	20180622195021"
"https://www.ut.ee/et	http://wayback.archive.org/web/20180710183659id_/https://www.ut.ee/et	http://wayback.archive.org/web/20180710183659/https://www.ut.ee/et	20180710183659"
"https://www.ut.ee/et	http://wayback.archive.org/web/20180719151707id_/https://www.ut.ee/et	http://wayback.archive.org/web/20180719151707/https://www.ut.ee/et	20180719151707"
"https://www.ut.ee/et	http://wayback.archive.org/web/20180829151758id_/https://www.ut.ee/et	http://wayback.archive.org/web/20180829151758/https://www.ut.ee/et	20180829151758"
"https://www.ut.ee/et	http://wayback.archive.org/web/20180830032815id_/http://www.ut.ee/et	http://wayback.archive.org/web/20180830032815/http://www.ut.ee/et	20180830032815"
"https://www.ut.ee/et	http://wayback.archive.org/web/20180910164751id_/http://www.ut.ee/et	http://wayback.archive.org/web/20180910164751/http://www.ut.ee/et	20180910164751"
"https://www.ut.ee/et	http://wayback.archive.org/web/20180910164752id_/https://www.ut.ee/et	http://wayback.archive.org/web/20180910164752/https://www.ut.ee/et	20180910164752"
"https://www.ut.ee/et	http://wayback.archive.org/web/20180910173041id_/https://www.ut.ee/et	http://wayback.archive.org/web/20180910173041/https://www.ut.ee/et	20180910173041"
"https://www.ut.ee/et	http://wayback.archive.org/web/20181004232806id_/http://www.ut.ee/et	http://wayback.archive.org/web/20181004232806/http://www.ut.ee/et	20181004232806"
"https://www.ut.ee/et	http://wayback.archive.org/web/20181103190809id_/https://www.ut.ee/et	http://wayback.archive.org/web/20181103190809/https://www.ut.ee/et	20181103190809"
"https://www.ut.ee/et	http://wayback.archive.org/web/20181112134529id_/https://www.ut.ee/et	http://wayback.archive.org/web/20181112134529/https://www.ut.ee/et	20181112134529"
"https://www.ut.ee/et	http://wayback.archive.org/web/20181116090100id_/https://www.ut.ee/et	http://wayback.archive.org/web/20181116090100/https://www.ut.ee/et	20181116090100"
